{
    "loss": 2.0419368743896484,
    "accuracy": 0.8920863270759583
}