{
    "loss": 24.858373641967773,
    "accuracy": 0.5179855823516846
}